Project Name,Package Name,Type Name,Method Name,Code Smell
CitizensAPI,net.citizensnpcs.api.ai,SimpleGoalControllerTest,random,Magic Number
CitizensAPI,net.citizensnpcs.api.ai,BehaviorTreeTest,failureSequence,Magic Number
CitizensAPI,net.citizensnpcs.api.ai,BehaviorTreeTest,failureSequence,Magic Number
CitizensAPI,net.citizensnpcs.api.ai,BehaviorTreeTest,failureSequence,Magic Number
CitizensAPI,net.citizensnpcs.api.ai,SimpleGoalController,addPrioritisableGoal,Long Statement
CitizensAPI,net.citizensnpcs.api.ai,SimpleGoalController,getBehavior,Long Statement
CitizensAPI,net.citizensnpcs.api.ai,SimpleGoalController,removeGoal,Complex Method
CitizensAPI,net.citizensnpcs.api.ai,SimpleGoalController,trySelectGoal,Complex Method
CitizensAPI,net.citizensnpcs.api.ai,SimpleGoalEntry,getBehavior,Long Statement
CitizensAPI,net.citizensnpcs.api.ai,SimpleGoalEntry,hashCode,Magic Number
CitizensAPI,net.citizensnpcs.api.persistence,PersistenceLoaderTest,canAccessPrivateMembers,Magic Number
CitizensAPI,net.citizensnpcs.api.persistence,PersistenceLoaderTest,canAccessPrivateMembers,Magic Number
CitizensAPI,net.citizensnpcs.api.persistence,PersistenceLoaderTest,floatArrays,Magic Number
CitizensAPI,net.citizensnpcs.api.persistence,PersistenceLoaderTest,floatArrays,Magic Number
CitizensAPI,net.citizensnpcs.api.persistence,PersistenceLoaderTest,floatArrays,Magic Number
CitizensAPI,net.citizensnpcs.api.persistence,PersistenceLoaderTest,loadsCollections,Magic Number
CitizensAPI,net.citizensnpcs.api.persistence,PersistenceLoaderTest,loadsCollections,Magic Number
CitizensAPI,net.citizensnpcs.api.persistence,PersistenceLoaderTest,longLoadSaveTest,Magic Number
CitizensAPI,net.citizensnpcs.api.persistence,PersistenceLoaderTest,longLoadSaveTest,Magic Number
CitizensAPI,net.citizensnpcs.api.persistence,PersistenceLoaderTest,longLoadSaveTestYaml,Magic Number
CitizensAPI,net.citizensnpcs.api.persistence,PersistenceLoaderTest,longLoadSaveTestYaml,Magic Number
CitizensAPI,net.citizensnpcs.api.persistence,PersistenceLoaderTest,mapReify,Magic Number
CitizensAPI,net.citizensnpcs.api.persistence,PersistenceLoaderTest,mapReify,Magic Number
CitizensAPI,net.citizensnpcs.api.persistence,PersistenceLoaderTest,testReifiedLists,Magic Number
CitizensAPI,net.citizensnpcs.api.persistence,PersistenceLoaderTest,testReifiedLists,Magic Number
CitizensAPI,net.citizensnpcs.api.persistence,PersistenceLoaderTest,testSuperClass,Magic Number
CitizensAPI,net.citizensnpcs.api.persistence,PersistenceLoaderTest,testSuperClass,Magic Number
CitizensAPI,net.citizensnpcs.api.persistence,PersistenceLoaderTest,testSuperClass,Magic Number
CitizensAPI,net.citizensnpcs.api.persistence,PersistenceLoaderTest,usesSpecificCollectionClass,Magic Number
CitizensAPI,net.citizensnpcs.api.persistence,PersistenceLoaderTest,usesSpecificCollectionClass,Magic Number
CitizensAPI,net.citizensnpcs.api.persistence,LocationPersister,create,Long Statement
CitizensAPI,net.citizensnpcs.api.persistence,LocationPersister,round,Magic Number
CitizensAPI,net.citizensnpcs.api.persistence,LocationPersister,LazilyLoadedLocation,Long Parameter List
CitizensAPI,net.citizensnpcs.api.persistence,LazilyLoadedLocation,LazilyLoadedLocation,Long Parameter List
CitizensAPI,net.citizensnpcs.api.persistence,PersistenceLoader,populateDefault,Complex Conditional
CitizensAPI,net.citizensnpcs.api.persistence,PersistenceLoader,populateDefault,Long Statement
CitizensAPI,net.citizensnpcs.api.persistence,PersistenceLoader,deserialise,Complex Conditional
CitizensAPI,net.citizensnpcs.api.persistence,PersistenceLoader,deserialise,Complex Conditional
CitizensAPI,net.citizensnpcs.api.persistence,PersistenceLoader,deserialise,Complex Conditional
CitizensAPI,net.citizensnpcs.api.persistence,PersistenceLoader,deserialise,Complex Conditional
CitizensAPI,net.citizensnpcs.api.persistence,PersistenceLoader,deserialise,Complex Conditional
CitizensAPI,net.citizensnpcs.api.persistence,PersistenceLoader,deserialise,Complex Conditional
CitizensAPI,net.citizensnpcs.api.persistence,PersistenceLoader,deserialise,Complex Method
CitizensAPI,net.citizensnpcs.api.persistence,PersistenceLoader,deserialise,Long Method
CitizensAPI,net.citizensnpcs.api.persistence,PersistenceLoader,deserialise,Long Statement
CitizensAPI,net.citizensnpcs.api.persistence,PersistenceLoader,deserialise,Long Statement
CitizensAPI,net.citizensnpcs.api.persistence,PersistenceLoader,deserialise,Long Statement
CitizensAPI,net.citizensnpcs.api.persistence,PersistenceLoader,deserialise,Long Statement
CitizensAPI,net.citizensnpcs.api.persistence,PersistenceLoader,deserialise,Long Statement
CitizensAPI,net.citizensnpcs.api.persistence,PersistenceLoader,deserialise,Long Statement
CitizensAPI,net.citizensnpcs.api.persistence,PersistenceLoader,deserialise,Long Statement
CitizensAPI,net.citizensnpcs.api.persistence,PersistenceLoader,deserialise,Long Statement
CitizensAPI,net.citizensnpcs.api.persistence,PersistenceLoader,deserialise,Long Statement
CitizensAPI,net.citizensnpcs.api.persistence,PersistenceLoader,deserialiseCollectionValue,Complex Method
CitizensAPI,net.citizensnpcs.api.persistence,PersistenceLoader,deserialiseMap,Complex Method
CitizensAPI,net.citizensnpcs.api.persistence,PersistenceLoader,deserialiseValue,Empty catch clause
CitizensAPI,net.citizensnpcs.api.persistence,PersistenceLoader,serialise,Complex Method
CitizensAPI,net.citizensnpcs.api.persistence,PersistField,populateDefault,Complex Conditional
CitizensAPI,net.citizensnpcs.api.persistence,PersistField,populateDefault,Long Statement
CitizensAPI,net.citizensnpcs.api.astar.pathfinder,MinecraftBlockExaminer,calculateCost,Long Parameter List
CitizensAPI,net.citizensnpcs.api.astar.pathfinder,MinecraftBlockExaminer,calculateCost,Magic Number
CitizensAPI,net.citizensnpcs.api.astar.pathfinder,MinecraftBlockExaminer,calculateCost,Magic Number
CitizensAPI,net.citizensnpcs.api.astar.pathfinder,MinecraftBlockExaminer,calculateCost,Magic Number
CitizensAPI,net.citizensnpcs.api.astar.pathfinder,MinecraftBlockExaminer,calculateCost,Magic Number
CitizensAPI,net.citizensnpcs.api.astar.pathfinder,MinecraftBlockExaminer,isPassable,Complex Conditional
CitizensAPI,net.citizensnpcs.api.astar.pathfinder,MinecraftBlockExaminer,isPassable,Complex Conditional
CitizensAPI,net.citizensnpcs.api.astar.pathfinder,MinecraftBlockExaminer,isPassable,Complex Method
CitizensAPI,net.citizensnpcs.api.astar.pathfinder,MinecraftBlockExaminer,isPassable,Long Statement
CitizensAPI,net.citizensnpcs.api.astar.pathfinder,MinecraftBlockExaminer,run,Complex Conditional
CitizensAPI,net.citizensnpcs.api.astar.pathfinder,MinecraftBlockExaminer,run,Complex Method
CitizensAPI,net.citizensnpcs.api.astar.pathfinder,MinecraftBlockExaminer,run,Long Statement
CitizensAPI,net.citizensnpcs.api.astar.pathfinder,MinecraftBlockExaminer,run,Magic Number
CitizensAPI,net.citizensnpcs.api.astar.pathfinder,MinecraftBlockExaminer,run,Magic Number
CitizensAPI,net.citizensnpcs.api.astar.pathfinder,MinecraftBlockExaminer,run,Magic Number
CitizensAPI,net.citizensnpcs.api.astar.pathfinder,MinecraftBlockExaminer,run,Magic Number
CitizensAPI,net.citizensnpcs.api.astar.pathfinder,MinecraftBlockExaminer,run,Magic Number
CitizensAPI,net.citizensnpcs.api.astar.pathfinder,MinecraftBlockExaminer,run,Complex Conditional
CitizensAPI,net.citizensnpcs.api.astar.pathfinder,MinecraftBlockExaminer,run,Complex Method
CitizensAPI,net.citizensnpcs.api.astar.pathfinder,MinecraftBlockExaminer,run,Long Statement
CitizensAPI,net.citizensnpcs.api.astar.pathfinder,MinecraftBlockExaminer,run,Magic Number
CitizensAPI,net.citizensnpcs.api.astar.pathfinder,MinecraftBlockExaminer,run,Magic Number
CitizensAPI,net.citizensnpcs.api.astar.pathfinder,MinecraftBlockExaminer,run,Magic Number
CitizensAPI,net.citizensnpcs.api.astar.pathfinder,MinecraftBlockExaminer,run,Magic Number
CitizensAPI,net.citizensnpcs.api.astar.pathfinder,MinecraftBlockExaminer,run,Magic Number
CitizensAPI,net.citizensnpcs.api.astar.pathfinder,MinecraftBlockExaminer,findRandomValidLocation,Long Parameter List
CitizensAPI,net.citizensnpcs.api.astar.pathfinder,MinecraftBlockExaminer,findRandomValidLocation,Magic Number
CitizensAPI,net.citizensnpcs.api.astar.pathfinder,MinecraftBlockExaminer,findRandomValidLocation,Magic Number
CitizensAPI,net.citizensnpcs.api.astar.pathfinder,MinecraftBlockExaminer,findRandomValidLocation,Magic Number
CitizensAPI,net.citizensnpcs.api.astar.pathfinder,MinecraftBlockExaminer,findRandomValidLocation,Magic Number
CitizensAPI,net.citizensnpcs.api.astar.pathfinder,MinecraftBlockExaminer,findRandomValidLocation,Magic Number
CitizensAPI,net.citizensnpcs.api.astar.pathfinder,MinecraftBlockExaminer,findRandomValidLocation,Magic Number
CitizensAPI,net.citizensnpcs.api.astar.pathfinder,MinecraftBlockExaminer,findValidLocation,Magic Number
CitizensAPI,net.citizensnpcs.api.astar.pathfinder,MinecraftBlockExaminer,findValidLocation,Magic Number
CitizensAPI,net.citizensnpcs.api.astar.pathfinder,LadderClimber,run,Complex Conditional
CitizensAPI,net.citizensnpcs.api.astar.pathfinder,LadderClimber,run,Complex Method
CitizensAPI,net.citizensnpcs.api.astar.pathfinder,LadderClimber,run,Long Statement
CitizensAPI,net.citizensnpcs.api.astar.pathfinder,LadderClimber,run,Magic Number
CitizensAPI,net.citizensnpcs.api.astar.pathfinder,LadderClimber,run,Magic Number
CitizensAPI,net.citizensnpcs.api.astar.pathfinder,LadderClimber,run,Magic Number
CitizensAPI,net.citizensnpcs.api.astar.pathfinder,LadderClimber,run,Magic Number
CitizensAPI,net.citizensnpcs.api.astar.pathfinder,LadderClimber,run,Magic Number
CitizensAPI,net.citizensnpcs.api.astar.pathfinder,LadderClimber,run,Complex Conditional
CitizensAPI,net.citizensnpcs.api.astar.pathfinder,LadderClimber,run,Complex Method
CitizensAPI,net.citizensnpcs.api.astar.pathfinder,LadderClimber,run,Long Statement
CitizensAPI,net.citizensnpcs.api.astar.pathfinder,LadderClimber,run,Magic Number
CitizensAPI,net.citizensnpcs.api.astar.pathfinder,LadderClimber,run,Magic Number
CitizensAPI,net.citizensnpcs.api.astar.pathfinder,LadderClimber,run,Magic Number
CitizensAPI,net.citizensnpcs.api.astar.pathfinder,LadderClimber,run,Magic Number
CitizensAPI,net.citizensnpcs.api.astar.pathfinder,LadderClimber,run,Magic Number
CitizensAPI,net.citizensnpcs.api.astar.pathfinder,FlyingBlockExaminer,getCost,Magic Number
CitizensAPI,net.citizensnpcs.api.astar.pathfinder,FlyingBlockExaminer,getNeighbours,Complex Conditional
CitizensAPI,net.citizensnpcs.api.astar.pathfinder,FlyingBlockExaminer,getNeighbours,Complex Conditional
CitizensAPI,net.citizensnpcs.api.astar.pathfinder,FlyingBlockExaminer,getNeighbours,Magic Number
CitizensAPI,net.citizensnpcs.api.astar.pathfinder,VectorNode,VectorNode,Long Parameter List
CitizensAPI,net.citizensnpcs.api.astar.pathfinder,VectorNode,getNeighbours,Complex Conditional
CitizensAPI,net.citizensnpcs.api.astar.pathfinder,VectorNode,getNeighbours,Complex Conditional
CitizensAPI,net.citizensnpcs.api.astar.pathfinder,VectorNode,getNeighbours,Complex Method
CitizensAPI,net.citizensnpcs.api.astar.pathfinder,VectorNode,getNeighbours,Long Statement
CitizensAPI,net.citizensnpcs.api.astar.pathfinder,VectorNode,hashCode,Magic Number
CitizensAPI,net.citizensnpcs.api.astar.pathfinder,DoorExaminer,isPassable,Complex Conditional
CitizensAPI,net.citizensnpcs.api.astar.pathfinder,DoorExaminer,isPassable,Long Statement
CitizensAPI,net.citizensnpcs.api.astar.pathfinder,DoorExaminer,close,Long Statement
CitizensAPI,net.citizensnpcs.api.astar.pathfinder,DoorExaminer,close,Magic Number
CitizensAPI,net.citizensnpcs.api.astar.pathfinder,DoorExaminer,onReached,Magic Number
CitizensAPI,net.citizensnpcs.api.astar.pathfinder,DoorExaminer,onReached,Magic Number
CitizensAPI,net.citizensnpcs.api.astar.pathfinder,DoorExaminer,onReached,Magic Number
CitizensAPI,net.citizensnpcs.api.astar.pathfinder,DoorExaminer,onReached,Magic Number
CitizensAPI,net.citizensnpcs.api.astar.pathfinder,DoorExaminer,onReached,Magic Number
CitizensAPI,net.citizensnpcs.api.astar.pathfinder,DoorExaminer,run,Magic Number
CitizensAPI,net.citizensnpcs.api.astar.pathfinder,DoorExaminer,run,Magic Number
CitizensAPI,net.citizensnpcs.api.astar.pathfinder,DoorExaminer,open,Long Statement
CitizensAPI,net.citizensnpcs.api.astar.pathfinder,DoorExaminer,open,Long Statement
CitizensAPI,net.citizensnpcs.api.astar.pathfinder,DoorExaminer,open,Long Statement
CitizensAPI,net.citizensnpcs.api.astar.pathfinder,DoorExaminer,open,Magic Number
CitizensAPI,net.citizensnpcs.api.astar.pathfinder,DoorExaminer,run,Magic Number
CitizensAPI,net.citizensnpcs.api.astar.pathfinder,DoorExaminer,run,Magic Number
CitizensAPI,net.citizensnpcs.api.astar.pathfinder,DoorExaminer,run,Magic Number
CitizensAPI,net.citizensnpcs.api.astar.pathfinder,DoorOpener,close,Long Statement
CitizensAPI,net.citizensnpcs.api.astar.pathfinder,DoorOpener,close,Magic Number
CitizensAPI,net.citizensnpcs.api.astar.pathfinder,DoorOpener,onReached,Magic Number
CitizensAPI,net.citizensnpcs.api.astar.pathfinder,DoorOpener,onReached,Magic Number
CitizensAPI,net.citizensnpcs.api.astar.pathfinder,DoorOpener,onReached,Magic Number
CitizensAPI,net.citizensnpcs.api.astar.pathfinder,DoorOpener,onReached,Magic Number
CitizensAPI,net.citizensnpcs.api.astar.pathfinder,DoorOpener,onReached,Magic Number
CitizensAPI,net.citizensnpcs.api.astar.pathfinder,DoorOpener,run,Magic Number
CitizensAPI,net.citizensnpcs.api.astar.pathfinder,DoorOpener,run,Magic Number
CitizensAPI,net.citizensnpcs.api.astar.pathfinder,DoorOpener,open,Long Statement
CitizensAPI,net.citizensnpcs.api.astar.pathfinder,DoorOpener,open,Long Statement
CitizensAPI,net.citizensnpcs.api.astar.pathfinder,DoorOpener,open,Long Statement
CitizensAPI,net.citizensnpcs.api.astar.pathfinder,DoorOpener,open,Magic Number
CitizensAPI,net.citizensnpcs.api.astar.pathfinder,DoorOpener,run,Magic Number
CitizensAPI,net.citizensnpcs.api.astar.pathfinder,DoorOpener,run,Magic Number
CitizensAPI,net.citizensnpcs.api.astar.pathfinder,DoorOpener,run,Magic Number
CitizensAPI,net.citizensnpcs.api.astar.pathfinder,AsyncChunkSnapshotBlockSource,getLightLevel,Magic Number
CitizensAPI,net.citizensnpcs.api.astar.pathfinder,VectorGoal,VectorGoal,Magic Number
CitizensAPI,net.citizensnpcs.api.astar.pathfinder,SwimmingExaminer,isPassable,Long Statement
CitizensAPI,net.citizensnpcs.api.astar.pathfinder,SwimmingExaminer,isPassable,Long Statement
CitizensAPI,net.citizensnpcs.api.astar.pathfinder,SwimmingExaminer,isSwimmableLiquid,Complex Conditional
CitizensAPI,net.citizensnpcs.api.astar.pathfinder,SwimmingExaminer,isSwimmableLiquid,Long Statement
CitizensAPI,net.citizensnpcs.api.astar.pathfinder,SwimmingExaminer,isWaterMob,Long Statement
CitizensAPI,net.citizensnpcs.api.astar.pathfinder,CachingChunkBlockSource,CachingChunkBlockSource,Abstract Function Call From Constructor
CitizensAPI,net.citizensnpcs.api.astar.pathfinder,CachingChunkBlockSource,CachingChunkBlockSource,Long Parameter List
CitizensAPI,net.citizensnpcs.api.astar.pathfinder,CachingChunkBlockSource,CachingChunkBlockSource,Magic Number
CitizensAPI,net.citizensnpcs.api.astar.pathfinder,CachingChunkBlockSource,CachingChunkBlockSource,Magic Number
CitizensAPI,net.citizensnpcs.api.astar.pathfinder,CachingChunkBlockSource,CachingChunkBlockSource,Magic Number
CitizensAPI,net.citizensnpcs.api.astar.pathfinder,CachingChunkBlockSource,CachingChunkBlockSource,Magic Number
CitizensAPI,net.citizensnpcs.api.astar.pathfinder,CachingChunkBlockSource,getCollisionBox,Magic Number
CitizensAPI,net.citizensnpcs.api.astar.pathfinder,CachingChunkBlockSource,getCollisionBox,Magic Number
CitizensAPI,net.citizensnpcs.api.astar.pathfinder,CachingChunkBlockSource,getMaterialAt,Magic Number
CitizensAPI,net.citizensnpcs.api.astar.pathfinder,CachingChunkBlockSource,getMaterialAt,Magic Number
CitizensAPI,net.citizensnpcs.api.astar.pathfinder,CachingChunkBlockSource,getSpecific,Magic Number
CitizensAPI,net.citizensnpcs.api.astar.pathfinder,CachingChunkBlockSource,getSpecific,Magic Number
CitizensAPI,net.citizensnpcs.api.astar.pathfinder,CachingChunkBlockSource,getSpecific,Magic Number
CitizensAPI,net.citizensnpcs.api.astar.pathfinder,CachingChunkBlockSource,getSpecific,Magic Number
CitizensAPI,net.citizensnpcs.api.astar.pathfinder,CachingChunkBlockSource,getSpecific,Magic Number
CitizensAPI,net.citizensnpcs.api.astar.pathfinder,CachingChunkBlockSource,getSpecific,Magic Number
CitizensAPI,net.citizensnpcs.api.astar.pathfinder,CachingChunkBlockSource,getSpecific,Magic Number
CitizensAPI,net.citizensnpcs.api.astar.pathfinder,CachingChunkBlockSource,hashCode,Magic Number
CitizensAPI,net.citizensnpcs.api.astar.pathfinder,CachingChunkBlockSource,hashCode,Magic Number
CitizensAPI,net.citizensnpcs.api.astar.pathfinder,ChunkCoord,hashCode,Magic Number
CitizensAPI,net.citizensnpcs.api.astar.pathfinder,ChunkCoord,hashCode,Magic Number
CitizensAPI,net.citizensnpcs.api.astar.pathfinder,ChunkSnapshotBlockSource,getLightLevel,Magic Number
CitizensAPI,net.citizensnpcs.api.astar.pathfinder,Path,Path,Long Statement
CitizensAPI,net.citizensnpcs.api.astar.pathfinder,Path,getBlocks,Long Statement
CitizensAPI,net.citizensnpcs.api.astar.pathfinder,Path,run,Long Statement
CitizensAPI,net.citizensnpcs.api.astar.pathfinder,PathEntry,run,Long Statement
CitizensAPI,net.citizensnpcs.api.jnbt,NBTUtils,createTag,Complex Method
CitizensAPI,net.citizensnpcs.api.jnbt,NBTUtils,getTypeClass,Complex Method
CitizensAPI,net.citizensnpcs.api.jnbt,NBTUtils,getTypeClass,Missing default
CitizensAPI,net.citizensnpcs.api.jnbt,NBTUtils,getTypeCode,Complex Method
CitizensAPI,net.citizensnpcs.api.jnbt,NBTUtils,getTypeName,Complex Method
CitizensAPI,net.citizensnpcs.api.jnbt,NBTInputStream,readTag,Magic Number
CitizensAPI,net.citizensnpcs.api.jnbt,NBTInputStream,readTag,Magic Number
CitizensAPI,net.citizensnpcs.api.jnbt,NBTInputStream,readTagPayload,Complex Method
CitizensAPI,net.citizensnpcs.api.jnbt,NBTInputStream,readTagPayload,Missing default
CitizensAPI,net.citizensnpcs.api.jnbt,NBTOutputStream,writeTagPayload,Complex Method
CitizensAPI,net.citizensnpcs.api.jnbt,NBTOutputStream,writeTagPayload,Missing default
CitizensAPI,net.citizensnpcs.api.scripting,ScriptCompiler,loadEngine,Complex Conditional
CitizensAPI,net.citizensnpcs.api.scripting,EventRegistrar,EventRegistrar,Long Statement
CitizensAPI,net.citizensnpcs.api.util,BoundingBox,BoundingBox,Long Parameter List
CitizensAPI,net.citizensnpcs.api.util,BoundingBox,add,Long Statement
CitizensAPI,net.citizensnpcs.api.util,BoundingBox,equals,Complex Method
CitizensAPI,net.citizensnpcs.api.util,BoundingBox,hashCode,Magic Number
CitizensAPI,net.citizensnpcs.api.util,BoundingBox,hashCode,Magic Number
CitizensAPI,net.citizensnpcs.api.util,BoundingBox,hashCode,Magic Number
CitizensAPI,net.citizensnpcs.api.util,BoundingBox,hashCode,Magic Number
CitizensAPI,net.citizensnpcs.api.util,BoundingBox,hashCode,Magic Number
CitizensAPI,net.citizensnpcs.api.util,BoundingBox,hashCode,Magic Number
CitizensAPI,net.citizensnpcs.api.util,BoundingBox,hashCode,Magic Number
CitizensAPI,net.citizensnpcs.api.util,BoundingBox,toDimensions,Magic Number
CitizensAPI,net.citizensnpcs.api.util,BoundingBox,convert,Long Statement
CitizensAPI,net.citizensnpcs.api.util,DataKey,hashCode,Magic Number
CitizensAPI,net.citizensnpcs.api.util,YamlStorageWithLists,hashCode,Magic Number
CitizensAPI,net.citizensnpcs.api.util,YamlStorageWithLists,tryIncreaseMaxCodepoints,Magic Number
CitizensAPI,net.citizensnpcs.api.util,YamlStorageWithLists,get,Complex Method
CitizensAPI,net.citizensnpcs.api.util,YamlStorageWithLists,hashCode,Magic Number
CitizensAPI,net.citizensnpcs.api.util,YamlStorageWithLists,set,Complex Method
CitizensAPI,net.citizensnpcs.api.util,YamlKey,get,Complex Method
CitizensAPI,net.citizensnpcs.api.util,YamlKey,hashCode,Magic Number
CitizensAPI,net.citizensnpcs.api.util,YamlKey,set,Complex Method
CitizensAPI,net.citizensnpcs.api.util,Placeholders,getWorldReplacement,Complex Method
CitizensAPI,net.citizensnpcs.api.util,Placeholders,getWorldReplacement,Long Statement
CitizensAPI,net.citizensnpcs.api.util,Placeholders,getWorldReplacement,Long Statement
CitizensAPI,net.citizensnpcs.api.util,Placeholders,getWorldReplacement,Magic Number
CitizensAPI,net.citizensnpcs.api.util,Placeholders,getWorldReplacement,Magic Number
CitizensAPI,net.citizensnpcs.api.util,Placeholders,getWorldReplacement,Magic Number
CitizensAPI,net.citizensnpcs.api.util,Placeholders,getWorldReplacement,Magic Number
CitizensAPI,net.citizensnpcs.api.util,Placeholders,replace,Complex Method
CitizensAPI,net.citizensnpcs.api.util,Placeholders,replace,Long Statement
CitizensAPI,net.citizensnpcs.api.util,Placeholders,replace,Missing default
CitizensAPI,net.citizensnpcs.api.util,Placeholders,replace,Complex Conditional
CitizensAPI,net.citizensnpcs.api.util,ItemStorage,deserialiseBanner,Long Statement
CitizensAPI,net.citizensnpcs.api.util,ItemStorage,deserialiseMeta,Complex Method
CitizensAPI,net.citizensnpcs.api.util,ItemStorage,deserialiseMeta,Empty catch clause
CitizensAPI,net.citizensnpcs.api.util,ItemStorage,deserialiseMeta,Empty catch clause
CitizensAPI,net.citizensnpcs.api.util,ItemStorage,deserialiseMeta,Long Method
CitizensAPI,net.citizensnpcs.api.util,ItemStorage,deserialiseMeta,Long Statement
CitizensAPI,net.citizensnpcs.api.util,ItemStorage,deserialiseMeta,Long Statement
CitizensAPI,net.citizensnpcs.api.util,ItemStorage,serialiseEnchantments,Long Statement
CitizensAPI,net.citizensnpcs.api.util,EyeHeightBoundingBox,EyeHeightBoundingBox,Long Parameter List
CitizensAPI,net.citizensnpcs.api.util,EyeHeightBoundingBox,getCenter,Magic Number
CitizensAPI,net.citizensnpcs.api.util,EyeHeightBoundingBox,getCenter,Magic Number
CitizensAPI,net.citizensnpcs.api.util,EyeHeightBoundingBox,getCenter,Magic Number
CitizensAPI,net.citizensnpcs.api.util,Translator,Translator,Long Statement
CitizensAPI,net.citizensnpcs.api.util,Translator,getBundle,Long Statement
CitizensAPI,net.citizensnpcs.api.util,Translator,getResource,Empty catch clause
CitizensAPI,net.citizensnpcs.api.util,Translator,getResourceAsStream,Empty catch clause
CitizensAPI,net.citizensnpcs.api.util,Translator,getCharset,Long Statement
CitizensAPI,net.citizensnpcs.api.util,Translator,getDefaultBundleProperties,Empty catch clause
CitizensAPI,net.citizensnpcs.api.util,Translator,getDefaultBundleProperties,Long Statement
CitizensAPI,net.citizensnpcs.api.util,FileClassLoader,getResource,Empty catch clause
CitizensAPI,net.citizensnpcs.api.util,FileClassLoader,getResourceAsStream,Empty catch clause
CitizensAPI,net.citizensnpcs.api.util,Paginator,getPageText,Long Statement
CitizensAPI,net.citizensnpcs.api.util,Paginator,getPageText,Long Statement
CitizensAPI,net.citizensnpcs.api.util,Paginator,getPageText,Long Statement
CitizensAPI,net.citizensnpcs.api.util,Paginator,getPageText,Magic Number
CitizensAPI,net.citizensnpcs.api.util,Paginator,hasPage,Long Statement
CitizensAPI,net.citizensnpcs.api.util,Paginator,hasPage,Magic Number
CitizensAPI,net.citizensnpcs.api.util,EntityDim,hashCode,Magic Number
CitizensAPI,net.citizensnpcs.api.util,EntityDim,hashCode,Magic Number
CitizensAPI,net.citizensnpcs.api.util,EntityDim,hashCode,Magic Number
CitizensAPI,net.citizensnpcs.api.util,MemoryDataKey,hashCode,Magic Number
CitizensAPI,net.citizensnpcs.api.util,YamlStorage,hashCode,Magic Number
CitizensAPI,net.citizensnpcs.api.util,YamlStorage,tryIncreaseMaxCodepoints,Magic Number
CitizensAPI,net.citizensnpcs.api.util,YamlStorage,hashCode,Magic Number
CitizensAPI,net.citizensnpcs.api.util,YamlKey,hashCode,Magic Number
CitizensAPI,net.citizensnpcs.api.util,Messaging,configure,Long Parameter List
CitizensAPI,net.citizensnpcs.api.util,Messaging,convertLegacyCodes,Long Statement
CitizensAPI,net.citizensnpcs.api.util,Messaging,convertLegacyCodes,Magic Number
CitizensAPI,net.citizensnpcs.api.util,Messaging,prettify,Magic Number
CitizensAPI,net.citizensnpcs.api.util,SpigotUtil,checkYSafe,Magic Number
CitizensAPI,net.citizensnpcs.api.util,SpigotUtil,checkYSafe,Magic Number
CitizensAPI,net.citizensnpcs.api.util,SpigotUtil,getMaxNameLength,Magic Number
CitizensAPI,net.citizensnpcs.api.util,SpigotUtil,getMaxNameLength,Magic Number
CitizensAPI,net.citizensnpcs.api.util,SpigotUtil,parseDuration,Magic Number
CitizensAPI,net.citizensnpcs.api.util,SpigotUtil,parseDuration,Magic Number
CitizensAPI,net.citizensnpcs.api.util,NBTStorage,extractNumber,Complex Method
CitizensAPI,net.citizensnpcs.api.util,NBTStorage,findLastTag,Long Statement
CitizensAPI,net.citizensnpcs.api.util,NBTStorage,hashCode,Magic Number
CitizensAPI,net.citizensnpcs.api.util,NBTStorage,hashCode,Magic Number
CitizensAPI,net.citizensnpcs.api.util,NBTKey,extractNumber,Complex Method
CitizensAPI,net.citizensnpcs.api.util,NBTKey,findLastTag,Long Statement
CitizensAPI,net.citizensnpcs.api.util,NBTKey,hashCode,Magic Number
CitizensAPI,net.citizensnpcs.api.util,NBTKey,hashCode,Magic Number
CitizensAPI,net.citizensnpcs.api.hpastar,HPACluster,HPACluster,Long Parameter List
CitizensAPI,net.citizensnpcs.api.hpastar,HPACluster,addEntranceNode,Magic Number
CitizensAPI,net.citizensnpcs.api.hpastar,HPACluster,addEntranceNode,Magic Number
CitizensAPI,net.citizensnpcs.api.hpastar,HPACluster,addEntranceNode,Magic Number
CitizensAPI,net.citizensnpcs.api.hpastar,HPACluster,addEntranceNode,Magic Number
CitizensAPI,net.citizensnpcs.api.hpastar,HPACluster,buildFrom,Complex Conditional
CitizensAPI,net.citizensnpcs.api.hpastar,HPACluster,buildFrom,Complex Method
CitizensAPI,net.citizensnpcs.api.hpastar,HPACluster,buildFrom,Long Statement
CitizensAPI,net.citizensnpcs.api.hpastar,HPACluster,connect,Complex Method
CitizensAPI,net.citizensnpcs.api.hpastar,HPACluster,contains,Long Statement
CitizensAPI,net.citizensnpcs.api.hpastar,HPACluster,pathfind,Complex Conditional
CitizensAPI,net.citizensnpcs.api.hpastar,HPACluster,pathfind,Complex Conditional
CitizensAPI,net.citizensnpcs.api.hpastar,HPACluster,pathfind,Complex Method
CitizensAPI,net.citizensnpcs.api.hpastar,HPACluster,pathfind,Magic Number
CitizensAPI,net.citizensnpcs.api.hpastar,HPACluster,pathfind,Magic Number
CitizensAPI,net.citizensnpcs.api.hpastar,HPACluster,pathfind,Magic Number
CitizensAPI,net.citizensnpcs.api.hpastar,HPACluster,pathfind,Magic Number
CitizensAPI,net.citizensnpcs.api.hpastar,HPACluster,pathfind,Magic Number
CitizensAPI,net.citizensnpcs.api.hpastar,HPACluster,pathfind,Magic Number
CitizensAPI,net.citizensnpcs.api.hpastar,HPACluster,toString,Long Statement
CitizensAPI,net.citizensnpcs.api.hpastar,HPAGraphNode,distance,Magic Number
CitizensAPI,net.citizensnpcs.api.hpastar,HPAGraphNode,distance,Magic Number
CitizensAPI,net.citizensnpcs.api.hpastar,HPAGraphNode,distance,Magic Number
CitizensAPI,net.citizensnpcs.api.hpastar,HPAGraphNode,equals,Complex Conditional
CitizensAPI,net.citizensnpcs.api.hpastar,HPAGraphNode,hashCode,Magic Number
CitizensAPI,net.citizensnpcs.api.hpastar,HPAGraphNode,hashCode,Magic Number
CitizensAPI,net.citizensnpcs.api.hpastar,HPAGraphNode,hashCode,Magic Number
CitizensAPI,net.citizensnpcs.api.hpastar,ClusterNode,hashCode,Magic Number
CitizensAPI,net.citizensnpcs.api.hpastar,ClusterNode,hashCode,Magic Number
CitizensAPI,net.citizensnpcs.api.hpastar,HPAGraph,HPAGraph,Magic Number
CitizensAPI,net.citizensnpcs.api.hpastar,HPAGraph,addClusters,Complex Method
CitizensAPI,net.citizensnpcs.api.hpastar,HPAGraph,addClusters,Long Statement
CitizensAPI,net.citizensnpcs.api.hpastar,HPAGraph,addClusters,Long Statement
CitizensAPI,net.citizensnpcs.api.hpastar,HPAGraph,addClusters,Long Statement
CitizensAPI,net.citizensnpcs.api.hpastar,HPAGraph,addClusters,Long Statement
CitizensAPI,net.citizensnpcs.api.hpastar,HPAGraph,addClusters,Magic Number
CitizensAPI,net.citizensnpcs.api.hpastar,HPAGraph,addClusters,Magic Number
CitizensAPI,net.citizensnpcs.api.hpastar,HPAGraph,addClusters,Magic Number
CitizensAPI,net.citizensnpcs.api.hpastar,HPAGraph,addClusters,Magic Number
CitizensAPI,net.citizensnpcs.api.hpastar,HPAGraph,findPath,Long Statement
CitizensAPI,net.citizensnpcs.api.hpastar,HPAGraph,findPath,Long Statement
CitizensAPI,net.citizensnpcs.api.hpastar,HPAGraph,findPath,Long Statement
CitizensAPI,net.citizensnpcs.api.hpastar,HPAGraph,pathfind,Complex Method
CitizensAPI,net.citizensnpcs.api.hpastar,HPAGraph,pathfind,Magic Number
CitizensAPI,net.citizensnpcs.api.hpastar,HPAGraph,pathfind,Magic Number
CitizensAPI,net.citizensnpcs.api.hpastar,HPAGraphAStarNode,hashCode,Magic Number
CitizensAPI,net.citizensnpcs.api.hpastar,HPAGraphAStarNode,hashCode,Magic Number
CitizensAPI,net.citizensnpcs.api,LocationLookup,getNearbyPlayers,Magic Number
CitizensAPI,net.citizensnpcs.api,LocationLookup,updateWorld,Magic Number
CitizensAPI,net.citizensnpcs.api.ai.tree,Sequence,run,Missing default
CitizensAPI,net.citizensnpcs.api.ai.tree,Sequence,toString,Long Statement
CitizensAPI,net.citizensnpcs.api.ai.tree,StatusMapper,singleUse,Missing default
CitizensAPI,net.citizensnpcs.api.ai.tree,StatusMapper,run,Missing default
CitizensAPI,net.citizensnpcs.api.ai.tree,Decorator,Decorator,Long Parameter List
CitizensAPI,net.citizensnpcs.api.ai.tree,ForwardingBehaviorGoalAdapter,hashCode,Magic Number
CitizensAPI,net.citizensnpcs.api.ai.tree,Composite,tickParallel,Missing default
CitizensAPI,net.citizensnpcs.api.ai.tree,Selector,run,Complex Method
CitizensAPI,net.citizensnpcs.api.ai.tree,Selector,toString,Long Statement
CitizensAPI,net.citizensnpcs.api.ai.goals,WanderGoal,WanderGoal,Long Parameter List
CitizensAPI,net.citizensnpcs.api.ai.goals,WanderGoal,blockFilter,Complex Conditional
CitizensAPI,net.citizensnpcs.api.ai.goals,WanderGoal,blockFilter,Long Statement
CitizensAPI,net.citizensnpcs.api.ai.goals,WanderGoal,blockFilter,Magic Number
CitizensAPI,net.citizensnpcs.api.ai.goals,WanderGoal,findRandomPosition,Long Statement
CitizensAPI,net.citizensnpcs.api.ai.goals,WanderGoal,run,Magic Number
CitizensAPI,net.citizensnpcs.api.ai.goals,WanderGoal,shouldExecute,Complex Conditional
CitizensAPI,net.citizensnpcs.api.ai.goals,WanderGoal,shouldExecute,Magic Number
CitizensAPI,net.citizensnpcs.api.ai.goals,WanderGoal,shouldExecute,Magic Number
CitizensAPI,net.citizensnpcs.api.ai.goals,WanderGoal,shouldExecute,Magic Number
CitizensAPI,net.citizensnpcs.api.ai.goals,WanderGoal,shouldExecute,Magic Number
CitizensAPI,net.citizensnpcs.api.ai.goals,WanderGoal,regionCentres,Magic Number
CitizensAPI,net.citizensnpcs.api.ai.goals,Builder,regionCentres,Magic Number
CitizensAPI,net.citizensnpcs.api.ai.flocking,RadiusNPCFlock,RadiusNPCFlock,Magic Number
CitizensAPI,net.citizensnpcs.api.ai.flocking,SeparationBehavior,getVector,Magic Number
CitizensAPI,net.citizensnpcs.api.ai.speech,TalkableEntity,compareTo,Complex Conditional
CitizensAPI,net.citizensnpcs.api.ai.speech,TalkableEntity,compareTo,Long Statement
CitizensAPI,net.citizensnpcs.api.trait.trait,Equipment,get,Magic Number
CitizensAPI,net.citizensnpcs.api.trait.trait,Equipment,getEquipmentBySlot,Magic Number
CitizensAPI,net.citizensnpcs.api.trait.trait,Equipment,getEquipmentBySlot,Magic Number
CitizensAPI,net.citizensnpcs.api.trait.trait,Equipment,getEquipmentBySlot,Magic Number
CitizensAPI,net.citizensnpcs.api.trait.trait,Equipment,getEquipmentBySlot,Magic Number
CitizensAPI,net.citizensnpcs.api.trait.trait,Equipment,load,Magic Number
CitizensAPI,net.citizensnpcs.api.trait.trait,Equipment,load,Magic Number
CitizensAPI,net.citizensnpcs.api.trait.trait,Equipment,load,Magic Number
CitizensAPI,net.citizensnpcs.api.trait.trait,Equipment,load,Magic Number
CitizensAPI,net.citizensnpcs.api.trait.trait,Equipment,onSpawn,Empty catch clause
CitizensAPI,net.citizensnpcs.api.trait.trait,Equipment,onSpawn,Magic Number
CitizensAPI,net.citizensnpcs.api.trait.trait,Equipment,onSpawn,Magic Number
CitizensAPI,net.citizensnpcs.api.trait.trait,Equipment,onSpawn,Magic Number
CitizensAPI,net.citizensnpcs.api.trait.trait,Equipment,onSpawn,Magic Number
CitizensAPI,net.citizensnpcs.api.trait.trait,Equipment,run,Magic Number
CitizensAPI,net.citizensnpcs.api.trait.trait,Equipment,run,Magic Number
CitizensAPI,net.citizensnpcs.api.trait.trait,Equipment,run,Magic Number
CitizensAPI,net.citizensnpcs.api.trait.trait,Equipment,run,Magic Number
CitizensAPI,net.citizensnpcs.api.trait.trait,Equipment,save,Magic Number
CitizensAPI,net.citizensnpcs.api.trait.trait,Equipment,save,Magic Number
CitizensAPI,net.citizensnpcs.api.trait.trait,Equipment,save,Magic Number
CitizensAPI,net.citizensnpcs.api.trait.trait,Equipment,save,Magic Number
CitizensAPI,net.citizensnpcs.api.trait.trait,Equipment,set,Complex Method
CitizensAPI,net.citizensnpcs.api.trait.trait,Equipment,set,Magic Number
CitizensAPI,net.citizensnpcs.api.trait.trait,Equipment,set,Magic Number
CitizensAPI,net.citizensnpcs.api.trait.trait,Equipment,set,Magic Number
CitizensAPI,net.citizensnpcs.api.trait.trait,Equipment,set,Magic Number
CitizensAPI,net.citizensnpcs.api.trait.trait,Equipment,set,Missing default
CitizensAPI,net.citizensnpcs.api.trait.trait,Equipment,toString,Long Statement
CitizensAPI,net.citizensnpcs.api.trait.trait,Equipment,toString,Magic Number
CitizensAPI,net.citizensnpcs.api.trait.trait,Equipment,toString,Magic Number
CitizensAPI,net.citizensnpcs.api.trait.trait,Equipment,toString,Magic Number
CitizensAPI,net.citizensnpcs.api.trait.trait,Equipment,toString,Magic Number
CitizensAPI,net.citizensnpcs.api.trait.trait,Inventory,Inventory,Magic Number
CitizensAPI,net.citizensnpcs.api.trait.trait,Inventory,onSpawn,Long Statement
CitizensAPI,net.citizensnpcs.api.trait.trait,Inventory,onSpawn,Long Statement
CitizensAPI,net.citizensnpcs.api.trait.trait,Inventory,onSpawn,Magic Number
CitizensAPI,net.citizensnpcs.api.trait.trait,Inventory,onSpawn,Magic Number
CitizensAPI,net.citizensnpcs.api.trait.trait,Inventory,onSpawn,Magic Number
CitizensAPI,net.citizensnpcs.api.trait.trait,Inventory,onSpawn,Magic Number
CitizensAPI,net.citizensnpcs.api.trait.trait,Inventory,onSpawn,Magic Number
CitizensAPI,net.citizensnpcs.api.trait.trait,Inventory,onSpawn,Magic Number
CitizensAPI,net.citizensnpcs.api.trait.trait,Inventory,onSpawn,Magic Number
CitizensAPI,net.citizensnpcs.api.trait.trait,Inventory,onSpawn,Magic Number
CitizensAPI,net.citizensnpcs.api.trait.trait,Inventory,onSpawn,Magic Number
CitizensAPI,net.citizensnpcs.api.trait.trait,Inventory,openInventory,Complex Method
CitizensAPI,net.citizensnpcs.api.trait.trait,Inventory,parseContents,Magic Number
CitizensAPI,net.citizensnpcs.api.trait.trait,Inventory,setContents,Complex Method
CitizensAPI,net.citizensnpcs.api.trait.trait,Inventory,setContents,Magic Number
CitizensAPI,net.citizensnpcs.api.trait.trait,Inventory,setContents,Magic Number
CitizensAPI,net.citizensnpcs.api.trait.trait,PlayerFilter,PlayerFilter,Complex Method
CitizensAPI,net.citizensnpcs.api.trait.trait,PlayerFilter,PlayerFilter,Long Statement
CitizensAPI,net.citizensnpcs.api.trait.trait,PlayerFilter,PlayerFilter,Long Statement
CitizensAPI,net.citizensnpcs.api.trait.trait,PlayerFilter,recalculate,Complex Method
CitizensAPI,net.citizensnpcs.api.trait.trait,PlayerFilter,recalculate,Long Statement
CitizensAPI,net.citizensnpcs.api.trait.trait,Owner,isOwnedBy,Complex Conditional
CitizensAPI,net.citizensnpcs.api.gui,InventoryMenu,getInventorySize,Complex Method
CitizensAPI,net.citizensnpcs.api.gui,InventoryMenu,getInventorySize,Missing default
CitizensAPI,net.citizensnpcs.api.gui,InventoryMenu,handleClick,Complex Method
CitizensAPI,net.citizensnpcs.api.gui,InventoryMenu,handleClick,Long Statement
CitizensAPI,net.citizensnpcs.api.gui,InventoryMenu,handleClick,Missing default
CitizensAPI,net.citizensnpcs.api.gui,InventoryMenu,handleShiftClick,Complex Method
CitizensAPI,net.citizensnpcs.api.gui,InventoryMenu,handleShiftClick,Long Statement
CitizensAPI,net.citizensnpcs.api.gui,InventoryMenu,handleShiftClick,Long Statement
CitizensAPI,net.citizensnpcs.api.gui,InventoryMenu,isOurInventory,Long Statement
CitizensAPI,net.citizensnpcs.api.gui,InventoryMenu,onInventoryClick,Complex Conditional
CitizensAPI,net.citizensnpcs.api.gui,InventoryMenu,onInventoryClick,Long Statement
CitizensAPI,net.citizensnpcs.api.gui,InventoryMenu,onInventoryClose,Complex Conditional
CitizensAPI,net.citizensnpcs.api.gui,InventoryMenu,parsePattern,Complex Conditional
CitizensAPI,net.citizensnpcs.api.gui,InventoryMenu,parsePattern,Complex Method
CitizensAPI,net.citizensnpcs.api.gui,InventoryMenu,transition,Complex Method
CitizensAPI,net.citizensnpcs.api.gui,InventoryMenu,transition,Long Statement
CitizensAPI,net.citizensnpcs.api.gui,InventoryMenu,cacheInfo,Empty catch clause
CitizensAPI,net.citizensnpcs.api.gui,CitizensInventoryClickEvent,getCurrentItem,Long Statement
CitizensAPI,net.citizensnpcs.api.gui,CitizensInventoryClickEvent,getResult,Complex Method
CitizensAPI,net.citizensnpcs.api.gui,CitizensInventoryClickEvent,getResult,Long Statement
CitizensAPI,net.citizensnpcs.api.gui,CitizensInventoryClickEvent,getResult,Long Statement
CitizensAPI,net.citizensnpcs.api.gui,CitizensInventoryClickEvent,getResult,Magic Number
CitizensAPI,net.citizensnpcs.api.gui,CitizensInventoryClickEvent,getResult,Missing default
CitizensAPI,net.citizensnpcs.api.gui,PercentageSlotHandler,PercentageSlotHandler,Magic Number
CitizensAPI,net.citizensnpcs.api.gui,PercentageSlotHandler,accept,Magic Number
CitizensAPI,net.citizensnpcs.api.gui,PercentageSlotHandler,accept,Magic Number
CitizensAPI,net.citizensnpcs.api.gui,PercentageSlotHandler,accept,Magic Number
CitizensAPI,net.citizensnpcs.api.gui,InputMenus,createDisplayItem,Magic Number
CitizensAPI,net.citizensnpcs.api.gui,InputMenus,createInventory,Magic Number
CitizensAPI,net.citizensnpcs.api.gui,InputMenus,createInventory,Magic Number
CitizensAPI,net.citizensnpcs.api.gui,InputMenus,createInventory,Magic Number
CitizensAPI,net.citizensnpcs.api.gui,InputMenus,createInventory,Magic Number
CitizensAPI,net.citizensnpcs.api.gui,InputMenus,createInventory,Magic Number
CitizensAPI,net.citizensnpcs.api.gui,InputMenus,initialise,Magic Number
CitizensAPI,net.citizensnpcs.api.gui,InputMenus,save,Complex Conditional
CitizensAPI,net.citizensnpcs.api.gui,InputMenus,save,Long Statement
CitizensAPI,net.citizensnpcs.api.gui,Choice,createDisplayItem,Magic Number
CitizensAPI,net.citizensnpcs.api.gui,ChoiceInputMenu,createInventory,Magic Number
CitizensAPI,net.citizensnpcs.api.gui,ChoiceInputMenu,createInventory,Magic Number
CitizensAPI,net.citizensnpcs.api.gui,ChoiceInputMenu,createInventory,Magic Number
CitizensAPI,net.citizensnpcs.api.gui,ChoiceInputMenu,createInventory,Magic Number
CitizensAPI,net.citizensnpcs.api.gui,ChoiceInputMenu,createInventory,Magic Number
CitizensAPI,net.citizensnpcs.api.gui,ChoiceInputMenu,initialise,Magic Number
CitizensAPI,net.citizensnpcs.api.gui,StringInputMenu,save,Complex Conditional
CitizensAPI,net.citizensnpcs.api.gui,StringInputMenu,save,Long Statement
CitizensAPI,net.citizensnpcs.api.gui,InventoryMenuSlot,hashCode,Magic Number
CitizensAPI,net.citizensnpcs.api.gui,InventoryMenuSlot,hashCode,Magic Number
CitizensAPI,net.citizensnpcs.api.gui,InventoryMenuSlot,initialise,Complex Method
CitizensAPI,net.citizensnpcs.api.gui,InventoryMenuSlot,onClick,Complex Conditional
CitizensAPI,net.citizensnpcs.api.gui,InventoryMenuSlot,onClick,Long Statement
CitizensAPI,net.citizensnpcs.api.command,RequirementsProcessor,process,Complex Conditional
CitizensAPI,net.citizensnpcs.api.command,RequirementsProcessor,process,Complex Method
CitizensAPI,net.citizensnpcs.api.command,RequirementsProcessor,process,Long Statement
CitizensAPI,net.citizensnpcs.api.command,RequirementsProcessor,process,Long Statement
CitizensAPI,net.citizensnpcs.api.command,RequirementsProcessor,process,Long Statement
CitizensAPI,net.citizensnpcs.api.command,RequirementsProcessor,process,Magic Number
CitizensAPI,net.citizensnpcs.api.command,RequirementsProcessor,process,Magic Number
CitizensAPI,net.citizensnpcs.api.command,RequirementsProcessor,process,Magic Number
CitizensAPI,net.citizensnpcs.api.command,RequirementsProcessor,process,Magic Number
CitizensAPI,net.citizensnpcs.api.command,RequirementsProcessor,process,Magic Number
CitizensAPI,net.citizensnpcs.api.command,CommandManager,executeCommand,Complex Method
CitizensAPI,net.citizensnpcs.api.command,CommandManager,executeCommand,Long Statement
CitizensAPI,net.citizensnpcs.api.command,CommandManager,executeCommand,Long Statement
CitizensAPI,net.citizensnpcs.api.command,CommandManager,executeCommand,Long Statement
CitizensAPI,net.citizensnpcs.api.command,CommandManager,executeCommand,Long Statement
CitizensAPI,net.citizensnpcs.api.command,CommandManager,executeCommand,Magic Number
CitizensAPI,net.citizensnpcs.api.command,CommandManager,executeCommand,Magic Number
CitizensAPI,net.citizensnpcs.api.command,CommandManager,executeCommand,Magic Number
CitizensAPI,net.citizensnpcs.api.command,CommandManager,executeCommand,Magic Number
CitizensAPI,net.citizensnpcs.api.command,CommandManager,executeCommand,Magic Number
CitizensAPI,net.citizensnpcs.api.command,CommandManager,executeHelp,Magic Number
CitizensAPI,net.citizensnpcs.api.command,CommandManager,executeHelp,Magic Number
CitizensAPI,net.citizensnpcs.api.command,CommandManager,executeHelp,Magic Number
CitizensAPI,net.citizensnpcs.api.command,CommandManager,getLines,Complex Conditional
CitizensAPI,net.citizensnpcs.api.command,CommandManager,getLines,Long Statement
CitizensAPI,net.citizensnpcs.api.command,CommandManager,onTabComplete,Complex Method
CitizensAPI,net.citizensnpcs.api.command,CommandManager,onTabComplete,Long Statement
CitizensAPI,net.citizensnpcs.api.command,CommandManager,onTabComplete,Magic Number
CitizensAPI,net.citizensnpcs.api.command,CommandManager,onTabComplete,Magic Number
CitizensAPI,net.citizensnpcs.api.command,CommandManager,onTabComplete,Magic Number
CitizensAPI,net.citizensnpcs.api.command,CommandManager,onTabComplete,Magic Number
CitizensAPI,net.citizensnpcs.api.command,CommandManager,registerMethods,Complex Method
CitizensAPI,net.citizensnpcs.api.command,CommandManager,sendHelp,Long Statement
CitizensAPI,net.citizensnpcs.api.command,CommandManager,getArgTabCompletions,Long Statement
CitizensAPI,net.citizensnpcs.api.command,CommandManager,getFlagTabCompletions,Long Statement
CitizensAPI,net.citizensnpcs.api.command,CommandManager,hashCode,Magic Number
CitizensAPI,net.citizensnpcs.api.command,CommandManager,getInput,Complex Conditional
CitizensAPI,net.citizensnpcs.api.command,CommandManager,capitalize,Long Statement
CitizensAPI,net.citizensnpcs.api.command,CommandManager,format,Long Statement
CitizensAPI,net.citizensnpcs.api.command,CommandManager,matchEnum,Complex Conditional
CitizensAPI,net.citizensnpcs.api.command,CommandInfo,getArgTabCompletions,Long Statement
CitizensAPI,net.citizensnpcs.api.command,CommandInfo,getFlagTabCompletions,Long Statement
CitizensAPI,net.citizensnpcs.api.command,CommandInfo,hashCode,Magic Number
CitizensAPI,net.citizensnpcs.api.command,InjectedCommandArgument,getInput,Complex Conditional
CitizensAPI,net.citizensnpcs.api.command,CommandContext,CommandContext,Complex Conditional
CitizensAPI,net.citizensnpcs.api.command,CommandContext,CommandContext,Complex Conditional
CitizensAPI,net.citizensnpcs.api.command,CommandContext,CommandContext,Complex Method
CitizensAPI,net.citizensnpcs.api.command,CommandContext,CommandContext,Magic Number
CitizensAPI,net.citizensnpcs.api.command,CommandContext,CommandContext,Magic Number
CitizensAPI,net.citizensnpcs.api.command,CommandContext,getSenderTargetBlockLocation,Magic Number
CitizensAPI,net.citizensnpcs.api.command,CommandContext,parseEulerAngle,Magic Number
CitizensAPI,net.citizensnpcs.api.command,CommandContext,parseTicks,Magic Number
CitizensAPI,net.citizensnpcs.api.command,CommandContext,parseTicks,Magic Number
CitizensAPI,net.citizensnpcs.api.command,CommandContext,parseTicks,Magic Number
CitizensAPI,net.citizensnpcs.api.command,CommandContext,parseTicks,Magic Number
CitizensAPI,net.citizensnpcs.api.command,CommandContext,parseTicks,Magic Number
CitizensAPI,net.citizensnpcs.api.command,CommandContext,parseTicks,Magic Number
CitizensAPI,net.citizensnpcs.api.command,CommandContext,parseTicks,Magic Number
CitizensAPI,net.citizensnpcs.api.command,CommandContext,parseTicks,Magic Number
CitizensAPI,net.citizensnpcs.api.command,CommandContext,parseTicks,Magic Number
CitizensAPI,net.citizensnpcs.api.command,CommandContext,parseTicks,Magic Number
CitizensAPI,net.citizensnpcs.api.command,CommandContext,parseLocation,Complex Method
CitizensAPI,net.citizensnpcs.api.command,CommandContext,parseLocation,Magic Number
CitizensAPI,net.citizensnpcs.api.command,CommandContext,parseLocation,Magic Number
CitizensAPI,net.citizensnpcs.api.command,CommandContext,parseLocation,Magic Number
CitizensAPI,net.citizensnpcs.api.command,CommandContext,parseLocation,Magic Number
CitizensAPI,net.citizensnpcs.api.command,CommandContext,parseLocation,Magic Number
CitizensAPI,net.citizensnpcs.api.command,CommandContext,parseLocation,Magic Number
CitizensAPI,net.citizensnpcs.api.command,CommandContext,parseLocation,Magic Number
CitizensAPI,net.citizensnpcs.api.command,CommandContext,parseLocation,Magic Number
CitizensAPI,net.citizensnpcs.api.command,CommandContext,parseLocation,Magic Number
CitizensAPI,net.citizensnpcs.api.command,CommandContext,parseLocation,Magic Number
CitizensAPI,net.citizensnpcs.api.command,CommandContext,parseLocation,Magic Number
CitizensAPI,net.citizensnpcs.api.command,CommandContext,parseLocation,Magic Number
CitizensAPI,net.citizensnpcs.api.command,CommandContext,parseLocation,Missing default
CitizensAPI,net.citizensnpcs.api.npc,SimpleNPCDataStore,loadInto,Long Statement
CitizensAPI,net.citizensnpcs.api.npc,SimpleNPCDataStore,matchEnum,Complex Conditional
CitizensAPI,net.citizensnpcs.api.npc,SimpleNPCDataStore,matchEnum,Long Statement
CitizensAPI,net.citizensnpcs.api.npc,AbstractNPC,getFullName,Long Statement
CitizensAPI,net.citizensnpcs.api.npc,AbstractNPC,getFullName,Long Statement
CitizensAPI,net.citizensnpcs.api.npc,AbstractNPC,getMinecraftUniqueId,Magic Number
CitizensAPI,net.citizensnpcs.api.npc,AbstractNPC,getMinecraftUniqueId,Magic Number
CitizensAPI,net.citizensnpcs.api.npc,AbstractNPC,getMinecraftUniqueId,Magic Number
CitizensAPI,net.citizensnpcs.api.npc,AbstractNPC,hashCode,Magic Number
CitizensAPI,net.citizensnpcs.api.npc,AbstractNPC,load,Long Statement
CitizensAPI,net.citizensnpcs.api.npc,AbstractNPC,requiresNameHologram,Long Statement
CitizensAPI,net.citizensnpcs.api.npc,AbstractNPC,requiresNameHologram,Magic Number
CitizensAPI,net.citizensnpcs.api.npc,AbstractNPC,teleport,Magic Number
